{
    "DDoS": {
        "samples": 136,
        "true_positives": 0,
        "false_positives": 0,
        "false_negatives": 136,
        "precision": 0.0,
        "recall": 0.0,
        "f1_score": 0.0
    },
    "MitM": {
        "samples": 89,
        "true_positives": 0,
        "false_positives": 0,
        "false_negatives": 89,
        "precision": 0.0,
        "recall": 0.0,
        "f1_score": 0.0
    },
    "Data_Manipulation": {
        "samples": 100,
        "true_positives": 0,
        "false_positives": 0,
        "false_negatives": 100,
        "precision": 0.0,
        "recall": 0.0,
        "f1_score": 0.0
    },
    "FDI": {
        "samples": 86,
        "true_positives": 0,
        "false_positives": 0,
        "false_negatives": 86,
        "precision": 0.0,
        "recall": 0.0,
        "f1_score": 0.0
    },
    "Spoofing": {
        "samples": 65,
        "true_positives": 0,
        "false_positives": 0,
        "false_negatives": 65,
        "precision": 0.0,
        "recall": 0.0,
        "f1_score": 0.0
    }
}