{
    "ML-CA": {
        "accuracy": 0.8889423076923076,
        "precision": 0.9960159362549801,
        "recall": 0.5208333333333334,
        "f1_score": 0.6839945280437757,
        "false_positive_rate": 0.000625,
        "auc_roc": 0.9002617187499999,
        "training_time_seconds": 0.11216235160827637,
        "inference_time_seconds": 0.40366077423095703,
        "response_time_efficiency": 2.4174397532836345,
        "true_positives": 250,
        "false_positives": 1,
        "false_negatives": 230,
        "true_negatives": 1599
    },
    "ML-IDS": {
        "accuracy": 0.9081730769230769,
        "precision": 0.9737704918032787,
        "recall": 0.61875,
        "f1_score": 0.756687898089172,
        "false_positive_rate": 0.005,
        "auc_roc": 0.9007994791666666,
        "training_time_seconds": 0.4374983310699463,
        "inference_time_seconds": 0.05716848373413086,
        "response_time_efficiency": 14.887934703993643,
        "true_positives": 297,
        "false_positives": 8,
        "false_negatives": 183,
        "true_negatives": 1592
    },
    "AI-AD": {
        "accuracy": 0.8980769230769231,
        "precision": 0.7648221343873518,
        "recall": 0.80625,
        "f1_score": 0.7849898580121704,
        "false_positive_rate": 0.074375,
        "auc_roc": 0.9009440104166667,
        "training_time_seconds": 25.079391956329346,
        "inference_time_seconds": 0.006399869918823242,
        "response_time_efficiency": 60.97609340499904,
        "true_positives": 387,
        "false_positives": 119,
        "false_negatives": 93,
        "true_negatives": 1481
    },
    "Bi-LSTM IDS": {
        "accuracy": 0.9105769230769231,
        "precision": 0.9711538461538461,
        "recall": 0.63125,
        "f1_score": 0.7651515151515151,
        "false_positive_rate": 0.005625,
        "auc_roc": 0.8932161458333334,
        "training_time_seconds": 2.5647804737091064,
        "inference_time_seconds": 0.0015099048614501953,
        "response_time_efficiency": 86.88169120748098,
        "true_positives": 303,
        "false_positives": 9,
        "false_negatives": 177,
        "true_negatives": 1591
    },
    "AD-GS (Proposed)": {
        "accuracy": 0.7692307692307693,
        "precision": 0.0,
        "recall": 0.0,
        "f1_score": 0.0,
        "false_positive_rate": 0.0,
        "auc_roc": 0.5,
        "training_time_seconds": 0.0,
        "inference_time_seconds": 0.049017906188964844,
        "response_time_efficiency": 16.944010124625198,
        "true_positives": 0,
        "false_positives": 0,
        "false_negatives": 480,
        "true_negatives": 1600
    }
}