{
    "DDoS": [
        [
            0,
            0
        ],
        [
            136,
            0
        ]
    ],
    "MitM": [
        [
            0,
            0
        ],
        [
            89,
            0
        ]
    ],
    "Data_Manipulation": [
        [
            0,
            0
        ],
        [
            100,
            0
        ]
    ],
    "FDI": [
        [
            0,
            0
        ],
        [
            86,
            0
        ]
    ],
    "Spoofing": [
        [
            0,
            0
        ],
        [
            65,
            0
        ]
    ]
}