{
    "classification_metrics": {
        "accuracy": 0.7711538461538462,
        "precision": 0.0,
        "recall": 0.0,
        "f1_score": 0.0,
        "false_positive_rate": 0.0,
        "auc_roc": 0.5
    },
    "anomaly_detection_metrics": {
        "avg_detection_latency_sessions": 0.0,
        "avg_detection_latency_minutes": 0.0,
        "data_protection_rate": 77.11538461538461
    },
    "efficiency_metrics": {
        "computational_overhead_sec_per_1000": 0.048325382746182956,
        "energy_consumption_efficiency": 90.90909033786389,
        "total_energy_delivered_kwh": 69916.74269205626,
        "total_system_energy_kwh": 76908.41744451571
    },
    "confusion_matrix": {
        "true_negatives": 1604,
        "false_positives": 0,
        "false_negatives": 476,
        "true_positives": 0
    }
}