{
    "station_scalability": {
        "50": {
            "throughput_sessions_per_sec": 1005.3778843717163,
            "latency_ms": 15.450105422404903,
            "memory_mb": 522.6555984248937,
            "success_rate_percent": 98.4342964812921
        },
        "100": {
            "throughput_sessions_per_sec": 417.06975147775665,
            "latency_ms": 29.753013644775265,
            "memory_mb": 579.4845215385816,
            "success_rate_percent": 99.09928630369838
        },
        "200": {
            "throughput_sessions_per_sec": 292.27825320256596,
            "latency_ms": 61.720297269517715,
            "memory_mb": 682.4668193494387,
            "success_rate_percent": 96.71957666533012
        },
        "300": {
            "throughput_sessions_per_sec": 150.98427934027407,
            "latency_ms": 88.84936608629188,
            "memory_mb": 757.5322449028582,
            "success_rate_percent": 97.02750661691725
        },
        "400": {
            "throughput_sessions_per_sec": 124.73238835680681,
            "latency_ms": 121.021140502159,
            "memory_mb": 791.3359641591296,
            "success_rate_percent": 96.40917873445365
        },
        "500": {
            "throughput_sessions_per_sec": 117.09699974259784,
            "latency_ms": 152.4522264952054,
            "memory_mb": 770.1516299292228,
            "success_rate_percent": 95.0
        }
    },
    "stress_test": {
        "1.0": {
            "throughput": 89.39451723370027,
            "latency": 169.61029849311353,
            "success_rate": 100.0
        },
        "2.0": {
            "throughput": 43.18408742732139,
            "latency": 360.08686971150667,
            "success_rate": 90.40318691070595
        },
        "3.0": {
            "throughput": 29.479318550680397,
            "latency": 562.8066125924674,
            "success_rate": 80.53252949861606
        },
        "4.0": {
            "throughput": 25.723027600696813,
            "latency": 680.0686987236775,
            "success_rate": 71.07251694177035
        },
        "5.0": {
            "throughput": 20.028034975992302,
            "latency": 913.8802506592327,
            "success_rate": 70.0
        }
    }
}