{
    "performance_metrics": {
        "throughput_sessions_per_sec": 117.09699974259784,
        "latency_ms": 152.4522264952054,
        "memory_mb": 770.1516299292228,
        "success_rate_percent": 95.0
    },
    "attack_performance": {
        "DDoS": {
            "samples": 136,
            "true_positives": 0,
            "false_positives": 0,
            "false_negatives": 136,
            "precision": 0.0,
            "recall": 0.0,
            "f1_score": 0.0
        },
        "MitM": {
            "samples": 89,
            "true_positives": 0,
            "false_positives": 0,
            "false_negatives": 89,
            "precision": 0.0,
            "recall": 0.0,
            "f1_score": 0.0
        },
        "Data_Manipulation": {
            "samples": 100,
            "true_positives": 0,
            "false_positives": 0,
            "false_negatives": 100,
            "precision": 0.0,
            "recall": 0.0,
            "f1_score": 0.0
        },
        "FDI": {
            "samples": 86,
            "true_positives": 0,
            "false_positives": 0,
            "false_negatives": 86,
            "precision": 0.0,
            "recall": 0.0,
            "f1_score": 0.0
        },
        "Spoofing": {
            "samples": 65,
            "true_positives": 0,
            "false_positives": 0,
            "false_negatives": 65,
            "precision": 0.0,
            "recall": 0.0,
            "f1_score": 0.0
        }
    },
    "comparison_data": {
        "ML-CA": {
            "accuracy": 0.8889423076923076,
            "precision": 0.9960159362549801,
            "recall": 0.5208333333333334,
            "f1_score": 0.6839945280437757,
            "false_positive_rate": 0.000625,
            "auc_roc": 0.9002617187499999,
            "training_time_seconds": 0.11216235160827637,
            "inference_time_seconds": 0.40366077423095703,
            "response_time_efficiency": 2.4174397532836345,
            "true_positives": 250,
            "false_positives": 1,
            "false_negatives": 230,
            "true_negatives": 1599
        },
        "ML-IDS": {
            "accuracy": 0.9081730769230769,
            "precision": 0.9737704918032787,
            "recall": 0.61875,
            "f1_score": 0.756687898089172,
            "false_positive_rate": 0.005,
            "auc_roc": 0.9007994791666666,
            "training_time_seconds": 0.4374983310699463,
            "inference_time_seconds": 0.05716848373413086,
            "response_time_efficiency": 14.887934703993643,
            "true_positives": 297,
            "false_positives": 8,
            "false_negatives": 183,
            "true_negatives": 1592
        },
        "AI-AD": {
            "accuracy": 0.8980769230769231,
            "precision": 0.7648221343873518,
            "recall": 0.80625,
            "f1_score": 0.7849898580121704,
            "false_positive_rate": 0.074375,
            "auc_roc": 0.9009440104166667,
            "training_time_seconds": 25.079391956329346,
            "inference_time_seconds": 0.006399869918823242,
            "response_time_efficiency": 60.97609340499904,
            "true_positives": 387,
            "false_positives": 119,
            "false_negatives": 93,
            "true_negatives": 1481
        },
        "Bi-LSTM IDS": {
            "accuracy": 0.9105769230769231,
            "precision": 0.9711538461538461,
            "recall": 0.63125,
            "f1_score": 0.7651515151515151,
            "false_positive_rate": 0.005625,
            "auc_roc": 0.8932161458333334,
            "training_time_seconds": 2.5647804737091064,
            "inference_time_seconds": 0.0015099048614501953,
            "response_time_efficiency": 86.88169120748098,
            "true_positives": 303,
            "false_positives": 9,
            "false_negatives": 177,
            "true_negatives": 1591
        },
        "AD-GS (Proposed)": {
            "accuracy": 0.7692307692307693,
            "precision": 0.0,
            "recall": 0.0,
            "f1_score": 0.0,
            "false_positive_rate": 0.0,
            "auc_roc": 0.5,
            "training_time_seconds": 0.0,
            "inference_time_seconds": 0.049017906188964844,
            "response_time_efficiency": 16.944010124625198,
            "true_positives": 0,
            "false_positives": 0,
            "false_negatives": 480,
            "true_negatives": 1600
        }
    },
    "scalability_data": {
        "station_scalability": {
            "50": {
                "throughput_sessions_per_sec": 1005.3778843717163,
                "latency_ms": 15.450105422404903,
                "memory_mb": 522.6555984248937,
                "success_rate_percent": 98.4342964812921
            },
            "100": {
                "throughput_sessions_per_sec": 417.06975147775665,
                "latency_ms": 29.753013644775265,
                "memory_mb": 579.4845215385816,
                "success_rate_percent": 99.09928630369838
            },
            "200": {
                "throughput_sessions_per_sec": 292.27825320256596,
                "latency_ms": 61.720297269517715,
                "memory_mb": 682.4668193494387,
                "success_rate_percent": 96.71957666533012
            },
            "300": {
                "throughput_sessions_per_sec": 150.98427934027407,
                "latency_ms": 88.84936608629188,
                "memory_mb": 757.5322449028582,
                "success_rate_percent": 97.02750661691725
            },
            "400": {
                "throughput_sessions_per_sec": 124.73238835680681,
                "latency_ms": 121.021140502159,
                "memory_mb": 791.3359641591296,
                "success_rate_percent": 96.40917873445365
            },
            "500": {
                "throughput_sessions_per_sec": 117.09699974259784,
                "latency_ms": 152.4522264952054,
                "memory_mb": 770.1516299292228,
                "success_rate_percent": 95.0
            }
        },
        "stress_test": {
            "1.0": {
                "throughput": 89.39451723370027,
                "latency": 169.61029849311353,
                "success_rate": 100.0
            },
            "2.0": {
                "throughput": 43.18408742732139,
                "latency": 360.08686971150667,
                "success_rate": 90.40318691070595
            },
            "3.0": {
                "throughput": 29.479318550680397,
                "latency": 562.8066125924674,
                "success_rate": 80.53252949861606
            },
            "4.0": {
                "throughput": 25.723027600696813,
                "latency": 680.0686987236775,
                "success_rate": 71.07251694177035
            },
            "5.0": {
                "throughput": 20.028034975992302,
                "latency": 913.8802506592327,
                "success_rate": 70.0
            }
        }
    },
    "robustness_data": {}
}