processed_results_No_of_samples,processed_results_ML-CA,processed_results_T-SF,processed_results_MLM,processed_results_ML-IDS,processed_results_AI-AD,processed_results_AD-GS,response_time_results_Number_of_Anomalies,response_time_results_ML-CA,response_time_results_MLM,response_time_results_ML-IDS,response_time_results_AI-AD,response_time_results_AD-GS,latency_results_Number_of_Anomalies,latency_results_ML-CA,latency_results_MLM,latency_results_ML-IDS,latency_results_AI-AD,latency_results_AD-GS,performance_results_No_of_Samples,performance_results_ML-CA,performance_results_T-SF,performance_results_MLM,performance_results_ML-IDS,performance_results_AI-AD,performance_results_AD-GS,accuracy_results_No_of_samples,accuracy_results_ML-CA,accuracy_results_T-SF,accuracy_results_MLM,accuracy_results_ML-IDS,accuracy_results_AI-AD,accuracy_results_AD-GS,protection_results_Number_of_Samples,protection_results_ML-CA,protection_results_T-SF,protection_results_MLM,protection_results_ML-IDS,protection_results_AI-AD,protection_results_AD-GS
100.0,50.5,45.2,40.5,35.1,55.5,76.8,10,35.0,45.0,55.0,65.0,70.0,10.0,40.0,55.0,65.0,82.0,90.0,100.0,35.0,41.8,52.8,55.9,65.9,83.0,100.0,50.5,45.2,40.5,35.1,55.4,76.8,100.0,35.1,45.2,40.5,50.5,58.4,77.8
200.0,60.5,50.8,45.8,30.8,65.8,85.5,20,35.0,50.0,70.0,66.0,71.0,20.0,33.0,55.0,67.0,85.0,92.0,200.0,44.0,45.3,55.7,60.7,70.6,85.8,200.0,60.5,50.7,45.8,30.8,65.8,85.6,200.0,30.8,50.7,45.8,60.4,69.8,85.6
300.0,70.5,55.5,50.5,40.8,75.8,84.5,30,45.0,47.0,65.0,64.0,78.0,40.0,44.0,65.0,70.0,82.0,94.0,300.0,47.8,50.8,60.5,65.8,75.8,90.4,300.0,70.5,55.5,50.6,40.8,75.7,84.4,300.0,40.9,55.5,45.7,66.8,77.7,90.7
400.0,75.0,60.8,55.8,35.8,85.8,91.2,40,50.0,54.0,57.0,68.0,69.0,60.0,54.0,55.0,72.0,85.0,95.0,400.0,54.0,55.9,65.5,70.5,80.3,92.7,400.0,75.0,60.8,55.8,35.8,85.8,91.4,400.0,35.7,50.8,53.8,58.0,67.8,85.7
500.0,80.5,65.5,60.8,50.8,90.2,93.8,50,55.0,65.0,67.0,63.0,70.0,80.0,44.0,56.0,75.0,90.0,93.0,500.0,59.8,60.8,70.2,75.7,85.5,94.3,500.0,80.5,65.4,60.8,50.8,90.2,94.0,500.0,50.8,65.4,60.8,70.5,86.2,90.8
600.0,85.8,70.1,65.8,55.5,95.8,97.5,60,45.0,64.0,76.0,78.0,79.0,100.0,46.0,59.0,76.0,91.0,88.0,600.0,65.5,70.4,80.5,85.8,83.9,94.8,600.0,85.8,70.1,65.8,55.5,95.8,97.5,600.0,55.5,70.1,65.8,85.8,93.8,97.4
,,,,,,,70,50.0,65.0,67.0,80.0,78.0,,,,,,,,,,,,,,,,,,,,,,,,,,,
,,,,,,,80,56.0,54.0,53.0,65.0,88.0,,,,,,,,,,,,,,,,,,,,,,,,,,,
,,,,,,,90,56.0,69.0,76.0,78.0,90.0,,,,,,,,,,,,,,,,,,,,,,,,,,,
,,,,,,,100,88.5,85.8,90.2,92.5,93.5,,,,,,,,,,,,,,,,,,,,,,,,,,,
