feature,importance
Energy_Consumed_kWh,0.22965158972952512
energy_rate,0.15957611991536733
Cost,0.11425605401526448
session_duration_minutes,0.09113346535065932
packets_per_second,0.07108231165522436
error_rate,0.0653798626401644
energy_consumption_std,0.06348600585498741
energy_consumption_mean,0.05362091456564176
avg_response_time,0.044351946983872334
session_frequency,0.03625356307357365
hour_sin,0.021306223726821172
hour_cos,0.021148204459501836
day_sin,0.01760434140598461
day_cos,0.011149396623412315
